,Semgrep,Pylint,Bandit
Semgrep,1.0,0.0,0.18181818181818182
Pylint,0.0,1.0,0.0
Bandit,0.18181818181818182,0.0,1.0
